Date	Ping ms	Up MBit	Down MBit
Wed 5 Oct 17:10:57 CEST 2016 	27.965	7.79	5.90
Wed 5 Oct 17:26:42 CEST 2016 	29.032	56.06	3.93
Wed 5 Oct 17:42:18 CEST 2016 	29.713	55.03	5.05
Wed 5 Oct 17:57:56 CEST 2016 	31.089	54.98	3.97
Wed 5 Oct 18:13:34 CEST 2016 	30.219	38.96	1.47
Wed 5 Oct 18:29:18 CEST 2016 	0	0	0
Wed 5 Oct 18:44:59 CEST 2016 	0	0	0
Wed 5 Oct 19:00:41 CEST 2016 	0	0	0
Wed 5 Oct 19:16:02 CEST 2016 	0	0	0
Wed 5 Oct 19:31:23 CEST 2016 	0	0	0
Wed 5 Oct 19:46:44 CEST 2016 	0	0	0
Wed 5 Oct 20:01:45 CEST 2016 	29.36	54.44	7.03
Wed 5 Oct 20:17:21 CEST 2016 	31.01	54.20	6.83
Wed 5 Oct 20:32:57 CEST 2016 	28.501	53.71	6.96
Wed 5 Oct 20:48:33 CEST 2016 	29.659	52.71	7.02
Wed 5 Oct 21:04:09 CEST 2016 	28.109	53.38	6.99
Wed 5 Oct 21:19:45 CEST 2016 	30.46	53.62	6.98
Wed 5 Oct 21:35:20 CEST 2016 	30.167	49.58	6.40
Wed 5 Oct 21:50:58 CEST 2016 	30.443	52.60	6.92
Wed 5 Oct 22:06:34 CEST 2016 	26.844	50.68	7.06
Wed 5 Oct 22:22:12 CEST 2016 	28.51	53.58	6.80
Wed 5 Oct 22:37:47 CEST 2016 	31.883	53.81	6.92
Wed 5 Oct 22:53:22 CEST 2016 	29.327	54.38	6.74
Wed 5 Oct 23:08:57 CEST 2016 	28.265	54.36	7.10
Wed 5 Oct 23:24:33 CEST 2016 	30.762	54.24	6.93
Wed 5 Oct 23:40:08 CEST 2016 	33.151	54.01	6.96
Wed 5 Oct 23:55:43 CEST 2016 	30.635	54.35	7.06
Thu 6 Oct 00:11:19 CEST 2016 	27.35	53.98	6.98
Thu 6 Oct 00:26:54 CEST 2016 	29.918	54.16	7.03
Thu 6 Oct 00:42:29 CEST 2016 	25.733	53.37	6.87
Thu 6 Oct 00:58:04 CEST 2016 	27.748	51.60	6.95
Thu 6 Oct 01:13:40 CEST 2016 	27.547	51.88	7.00
Thu 6 Oct 01:29:15 CEST 2016 	25.644	53.50	6.86
Thu 6 Oct 01:44:50 CEST 2016 	31.249	54.23	5.39
Thu 6 Oct 02:00:27 CEST 2016 	31.804	54.27	7.03
Thu 6 Oct 02:16:02 CEST 2016 	31.537	54.40	7.05
Thu 6 Oct 02:31:37 CEST 2016 	0	0	0
Thu 6 Oct 02:46:42 CEST 2016 	30.891	54.15	7.06
Thu 6 Oct 03:02:17 CEST 2016 	32.1	54.48	7.05
Thu 6 Oct 03:17:52 CEST 2016 	31.752	53.91	7.05
Thu 6 Oct 03:33:27 CEST 2016 	31.167	54.25	7.06
Thu 6 Oct 03:49:02 CEST 2016 	30.594	54.65	6.24
Thu 6 Oct 04:04:38 CEST 2016 	30.393	54.23	7.10
Thu 6 Oct 04:20:13 CEST 2016 	30.832	54.71	7.11
Thu 6 Oct 04:35:48 CEST 2016 	0	0	0
Thu 6 Oct 04:50:53 CEST 2016 	28.928	53.75	7.11
Thu 6 Oct 05:06:28 CEST 2016 	27.762	52.46	2.83
Thu 6 Oct 05:22:04 CEST 2016 	26.574	30.44	2.89
Thu 6 Oct 05:37:41 CEST 2016 	27.756	18.22	2.75
Thu 6 Oct 05:53:19 CEST 2016 	28.685	54.39	6.80
Thu 6 Oct 06:08:54 CEST 2016 	30.782	29.73	6.54
Thu 6 Oct 06:24:40 CEST 2016 	26.63	24.18	5.97
Thu 6 Oct 06:40:22 CEST 2016 	27.709	30.76	7.10
Thu 6 Oct 06:55:58 CEST 2016 	27.459	33.20	5.43
Thu 6 Oct 07:11:33 CEST 2016 	26.559	54.74	6.93
Thu 6 Oct 07:27:08 CEST 2016 	28.139	37.28	7.13
Thu 6 Oct 07:42:40 CEST 2016 	26.454	49.19	7.01
Thu 6 Oct 07:58:16 CEST 2016 	26.477	26.56	7.02
Thu 6 Oct 08:13:58 CEST 2016 	27.735	31.44	7.03
Thu 6 Oct 08:29:36 CEST 2016 	26.596	30.83	5.29
Thu 6 Oct 08:45:13 CEST 2016 	48.96	13.29	4.90
Thu 6 Oct 09:01:02 CEST 2016 	28.264	45.37	7.04
Thu 6 Oct 09:16:40 CEST 2016 	30.53	51.79	6.97
Thu 6 Oct 09:32:16 CEST 2016 	27.522	49.05	6.87
Thu 6 Oct 09:47:54 CEST 2016 	28.395	37.22	6.88
Thu 6 Oct 10:03:31 CEST 2016 	27.339	29.12	5.73
Thu 6 Oct 10:19:14 CEST 2016 	26.682	29.42	5.97
Thu 6 Oct 10:34:55 CEST 2016 	28.721	33.84	5.51
Thu 6 Oct 10:50:30 CEST 2016 	26.622	30.82	4.38
Thu 6 Oct 11:06:06 CEST 2016 	27.159	30.75	5.31
Thu 6 Oct 11:21:45 CEST 2016 	27.77	22.86	3.39
Thu 6 Oct 11:37:26 CEST 2016 	26.686	16.21	5.68
Thu 6 Oct 11:53:06 CEST 2016 	27.211	25.23	3.86
Thu 6 Oct 12:08:45 CEST 2016 	0	0	0
Thu 6 Oct 12:23:51 CEST 2016 	27.404	22.57	5.66
Thu 6 Oct 12:39:34 CEST 2016 	26.515	39.57	6.95
Thu 6 Oct 12:55:15 CEST 2016 	28.729	55.42	6.97
Thu 6 Oct 13:10:51 CEST 2016 	27.545	56.42	6.87
Thu 6 Oct 13:26:25 CEST 2016 	31.034	56.54	6.99
Thu 6 Oct 13:42:02 CEST 2016 	28.262	56.26	6.17
Thu 6 Oct 13:57:38 CEST 2016 	27.263	56.01	7.13
Thu 6 Oct 14:13:14 CEST 2016 	0	0	0
Thu 6 Oct 14:28:55 CEST 2016 	0	0	0
Thu 6 Oct 14:44:36 CEST 2016 	0	0	0
Thu 6 Oct 14:59:37 CEST 2016 	31.342	53.96	7.08
Thu 6 Oct 15:15:13 CEST 2016 	30.222	53.58	7.06
Thu 6 Oct 15:30:48 CEST 2016 	30.684	54.27	7.08
Thu 6 Oct 15:46:23 CEST 2016 	30.297	54.79	7.11
Thu 6 Oct 16:01:59 CEST 2016 	28.472	45.57	7.03
Thu 6 Oct 16:17:54 CEST 2016 	30.156	54.22	7.17
Thu 6 Oct 16:33:31 CEST 2016 	27.894	53.84	7.14
Thu 6 Oct 16:49:07 CEST 2016 	28.236	54.13	7.09
Thu 6 Oct 17:04:42 CEST 2016 	28.079	54.52	6.98
Thu 6 Oct 17:20:17 CEST 2016 	28.709	54.26	7.02
Thu 6 Oct 17:35:52 CEST 2016 	27.961	54.15	7.08
Thu 6 Oct 17:51:27 CEST 2016 	28.696	51.13	6.98
Thu 6 Oct 18:07:03 CEST 2016 	28.607	50.95	7.14
Thu 6 Oct 18:22:39 CEST 2016 	31.344	54.07	7.13
Thu 6 Oct 18:38:15 CEST 2016 	29.706	53.79	7.12
Thu 6 Oct 18:53:51 CEST 2016 	29.587	54.23	6.88
Thu 6 Oct 19:09:25 CEST 2016 	31.149	54.01	7.07
Thu 6 Oct 19:25:00 CEST 2016 	28.356	53.89	7.18
Thu 6 Oct 19:40:36 CEST 2016 	30.048	53.27	7.17
Thu 6 Oct 19:56:12 CEST 2016 	31.065	54.41	6.93
Thu 6 Oct 20:11:47 CEST 2016 	30.508	54.34	7.14
Thu 6 Oct 20:27:23 CEST 2016 	32.963	53.73	7.15
Thu 6 Oct 20:42:59 CEST 2016 	29.122	54.07	7.13
Thu 6 Oct 20:58:34 CEST 2016 	29.712	53.89	6.73
Thu 6 Oct 21:14:12 CEST 2016 	28.092	52.96	7.09
Thu 6 Oct 21:29:49 CEST 2016 	32.427	51.28	6.94
Thu 6 Oct 21:45:25 CEST 2016 	29.085	53.76	7.07
Thu 6 Oct 22:01:00 CEST 2016 	29.858	54.22	7.15
Thu 6 Oct 22:16:36 CEST 2016 	30.415	53.64	7.09
Thu 6 Oct 22:32:12 CEST 2016 	31.97	52.23	5.78
Thu 6 Oct 22:47:49 CEST 2016 	31.746	54.06	7.10
Thu 6 Oct 23:03:25 CEST 2016 	32.498	54.20	7.14
Thu 6 Oct 23:19:05 CEST 2016 	33.08	54.06	7.00
Thu 6 Oct 23:34:41 CEST 2016 	29.762	52.46	7.01
Thu 6 Oct 23:50:16 CEST 2016 	30.243	52.52	7.02
Fri 7 Oct 00:05:51 CEST 2016 	29.982	54.37	7.01
Fri 7 Oct 00:21:37 CEST 2016 	28.776	54.08	7.00
Fri 7 Oct 00:37:12 CEST 2016 	30.567	54.08	7.11
Fri 7 Oct 00:52:48 CEST 2016 	29.302	53.89	7.02
Fri 7 Oct 01:08:23 CEST 2016 	26.94	54.07	7.17
Fri 7 Oct 01:23:58 CEST 2016 	30.978	54.59	7.04
Fri 7 Oct 01:39:33 CEST 2016 	31.207	54.36	7.11
Fri 7 Oct 01:55:10 CEST 2016 	29.711	54.50	7.12
Fri 7 Oct 02:10:44 CEST 2016 	28.043	54.40	7.09
Fri 7 Oct 02:26:19 CEST 2016 	29.964	54.56	7.01
Fri 7 Oct 02:41:53 CEST 2016 	30.198	54.34	6.99
Fri 7 Oct 02:57:28 CEST 2016 	31.088	54.27	6.14
Fri 7 Oct 03:13:04 CEST 2016 	31.109	54.22	7.03
Fri 7 Oct 03:28:39 CEST 2016 	31.526	53.78	7.02
Fri 7 Oct 03:44:14 CEST 2016 	29.426	54.52	6.99
Fri 7 Oct 03:59:49 CEST 2016 	32.425	54.35	7.06
Fri 7 Oct 04:15:24 CEST 2016 	30.632	54.38	7.12
Fri 7 Oct 04:30:59 CEST 2016 	30.243	54.36	6.97
Fri 7 Oct 04:46:34 CEST 2016 	32.686	54.44	7.04
Fri 7 Oct 05:02:09 CEST 2016 	27.89	54.11	7.04
Fri 7 Oct 05:17:43 CEST 2016 	31.063	53.83	7.12
Fri 7 Oct 05:33:18 CEST 2016 	30.082	54.53	7.06
Fri 7 Oct 05:48:53 CEST 2016 	30.573	52.00	3.18
Fri 7 Oct 06:04:29 CEST 2016 	31.642	51.72	4.24
Fri 7 Oct 06:20:05 CEST 2016 	29.477	54.65	4.02
Fri 7 Oct 06:35:42 CEST 2016 	31.522	54.35	4.70
Fri 7 Oct 06:51:22 CEST 2016 	30.477	54.35	5.73
Fri 7 Oct 07:06:59 CEST 2016 	29.122	54.38	3.59
Fri 7 Oct 07:22:36 CEST 2016 	0	0	0
Fri 7 Oct 07:37:41 CEST 2016 	29.083	43.20	0.45
Fri 7 Oct 07:53:57 CEST 2016 	0	0	0
Fri 7 Oct 08:09:38 CEST 2016	0	0	0	
Fri 7 Oct 08:24:59 CEST 2016 	32.304	54.12	7.07
Fri 7 Oct 08:40:34 CEST 2016 	30.232	54.34	7.09
Fri 7 Oct 08:56:10 CEST 2016 	31.552	54.43	6.99
Fri 7 Oct 09:11:45 CEST 2016 	30.6	54.04	7.00
Fri 7 Oct 09:27:19 CEST 2016 	33.012	54.41	7.12
Fri 7 Oct 09:42:55 CEST 2016 	30.207	54.20	7.05
Fri 7 Oct 09:58:30 CEST 2016 	29.407	54.60	7.08
Fri 7 Oct 10:14:05 CEST 2016 	28.866	54.18	6.94
Fri 7 Oct 10:30:09 CEST 2016 	33.353	54.32	7.10
Fri 7 Oct 10:45:44 CEST 2016 	32.201	54.38	7.11
Fri 7 Oct 11:01:19 CEST 2016 	32.772	54.19	7.13
Fri 7 Oct 11:16:54 CEST 2016 	30.363	53.80	7.04
Fri 7 Oct 11:32:29 CEST 2016 	31.762	54.63	7.15
Fri 7 Oct 11:48:04 CEST 2016 	29.425	54.28	7.03
Fri 7 Oct 12:03:40 CEST 2016 	30.768	50.69	7.04
Fri 7 Oct 12:19:16 CEST 2016 	29.922	54.55	7.07
Fri 7 Oct 12:34:51 CEST 2016 	31.216	53.64	7.20
Fri 7 Oct 12:50:27 CEST 2016 	30.386	54.05	7.14
Fri 7 Oct 13:06:03 CEST 2016 	33.707	54.23	7.08
Fri 7 Oct 13:21:38 CEST 2016 	30.232	53.87	7.16
Fri 7 Oct 13:37:15 CEST 2016 	31.367	53.68	7.11
Fri 7 Oct 13:52:50 CEST 2016 	29.087	53.94	7.10
Fri 7 Oct 14:08:25 CEST 2016 	29.962	54.16	6.99
Fri 7 Oct 14:24:00 CEST 2016 	42.623	37.63	4.06
Fri 7 Oct 14:39:38 CEST 2016 	56.763	36.04	5.57
Fri 7 Oct 14:55:26 CEST 2016 	33.311	43.26	5.96
Fri 7 Oct 15:11:07 CEST 2016 	30.989	54.31	6.50
Fri 7 Oct 15:26:44 CEST 2016 	27.14	53.86	6.80
Fri 7 Oct 15:42:19 CEST 2016 	33.251	54.35	6.93
Fri 7 Oct 15:57:54 CEST 2016 	31.996	54.14	6.92
Fri 7 Oct 16:13:29 CEST 2016 	30.517	53.73	6.81
Fri 7 Oct 16:29:05 CEST 2016 	31.583	52.73	7.07
Fri 7 Oct 16:44:41 CEST 2016 	28.156	54.61	7.02
Fri 7 Oct 17:00:16 CEST 2016 	31.372	54.37	6.96
Fri 7 Oct 17:15:50 CEST 2016 	29.7	53.30	6.93
Fri 7 Oct 17:31:25 CEST 2016 	29.749	53.88	7.12
Fri 7 Oct 17:47:01 CEST 2016 	32.533	54.15	7.14
Fri 7 Oct 18:02:37 CEST 2016 	28.732	54.22	6.79
Fri 7 Oct 18:18:12 CEST 2016 	28.546	53.84	6.80
Fri 7 Oct 18:33:47 CEST 2016 	27.388	54.48	6.87
Fri 7 Oct 18:49:22 CEST 2016 	30.299	53.63	6.97
Fri 7 Oct 19:04:58 CEST 2016 	27.75	54.20	7.10
Fri 7 Oct 19:20:33 CEST 2016 	30.258	54.06	6.88
Fri 7 Oct 19:36:08 CEST 2016 	30.499	54.14	7.12
Fri 7 Oct 19:51:43 CEST 2016 	31.021	53.11	7.00
Fri 7 Oct 20:07:19 CEST 2016 	28.51	54.64	7.10
Fri 7 Oct 20:22:54 CEST 2016 	28.488	54.17	7.02
Fri 7 Oct 20:38:29 CEST 2016 	32.905	53.29	6.18
Fri 7 Oct 20:54:06 CEST 2016 	26.736	51.71	6.99
Fri 7 Oct 21:09:42 CEST 2016 	30.257	54.27	7.15
Fri 7 Oct 21:25:18 CEST 2016 	32.895	53.79	7.14
Fri 7 Oct 21:40:53 CEST 2016 	30.163	53.46	7.02
Fri 7 Oct 21:56:28 CEST 2016 	28.155	52.74	7.10
Fri 7 Oct 22:12:04 CEST 2016 	30.632	53.78	5.90
Fri 7 Oct 22:27:40 CEST 2016 	30.935	53.78	7.10
Fri 7 Oct 22:43:16 CEST 2016 	29.945	51.28	7.15
Fri 7 Oct 22:58:53 CEST 2016 	32.933	53.96	6.99
Fri 7 Oct 23:14:28 CEST 2016 	32.092	50.50	5.50
Fri 7 Oct 23:30:05 CEST 2016 	31.563	54.37	7.16
Fri 7 Oct 23:45:42 CEST 2016 	31.444	54.40	7.08
Sat 8 Oct 00:01:17 CEST 2016 	31.1	53.99	6.96
Sat 8 Oct 00:16:52 CEST 2016 	29.868	54.03	7.06
Sat 8 Oct 00:32:28 CEST 2016 	29.078	54.41	7.03
Sat 8 Oct 00:48:03 CEST 2016 	33.545	52.43	7.12
Sat 8 Oct 01:03:40 CEST 2016 	30.57	54.01	7.15
Sat 8 Oct 01:19:16 CEST 2016 	30.356	54.45	7.14
Sat 8 Oct 01:34:51 CEST 2016 	31.041	54.37	7.18
Sat 8 Oct 01:50:27 CEST 2016 	30.958	54.35	7.04
Sat 8 Oct 02:06:02 CEST 2016 	29.212	54.14	7.08
Sat 8 Oct 02:21:37 CEST 2016 	30.584	54.56	7.16
Sat 8 Oct 02:37:13 CEST 2016 	29.238	54.39	7.12
Sat 8 Oct 02:52:49 CEST 2016 	30.74	54.24	7.18
Sat 8 Oct 03:08:26 CEST 2016 	28.653	53.71	7.00
Sat 8 Oct 03:24:01 CEST 2016 	29.375	54.40	7.16
Sat 8 Oct 03:39:36 CEST 2016 	31.06	54.43	7.06
Sat 8 Oct 03:55:11 CEST 2016 	31.547	54.47	5.47
Sat 8 Oct 04:10:48 CEST 2016 	30.872	53.80	7.12
Sat 8 Oct 04:26:24 CEST 2016 	32.361	53.87	7.12
Sat 8 Oct 04:41:59 CEST 2016 	31.032	54.60	7.07
Sat 8 Oct 04:57:35 CEST 2016 	32.446	54.74	7.12
Sat 8 Oct 05:13:11 CEST 2016 	31.503	54.29	7.04
Sat 8 Oct 05:28:45 CEST 2016 	29.51	54.41	7.13
Sat 8 Oct 05:44:21 CEST 2016 	30.54	54.55	7.17
Sat 8 Oct 05:59:56 CEST 2016 	29.225	53.66	7.05
Sat 8 Oct 06:15:31 CEST 2016 	29.163	54.42	7.05
Sat 8 Oct 06:31:05 CEST 2016 	31.783	54.21	7.03
Sat 8 Oct 06:46:40 CEST 2016 	30.65	54.26	7.12
Sat 8 Oct 07:02:15 CEST 2016 	30.04	54.60	7.08
Sat 8 Oct 07:17:49 CEST 2016 	28.931	54.45	7.12
Sat 8 Oct 07:33:24 CEST 2016 	28.357	54.15	7.00
Sat 8 Oct 07:48:59 CEST 2016 	29.305	54.12	5.55
Sat 8 Oct 08:04:36 CEST 2016 	31.386	54.45	7.04
Sat 8 Oct 08:20:10 CEST 2016 	28.672	52.85	7.08
Sat 8 Oct 08:35:45 CEST 2016 	29.827	54.68	7.12
Sat 8 Oct 08:51:20 CEST 2016 	31.576	54.35	7.16
Sat 8 Oct 09:06:58 CEST 2016 	29.667	54.25	7.14
Sat 8 Oct 09:22:33 CEST 2016 	28.614	54.03	7.09
Sat 8 Oct 09:38:09 CEST 2016 	32.108	54.52	7.08
Sat 8 Oct 09:53:44 CEST 2016 	29.109	54.21	7.11
Sat 8 Oct 10:09:19 CEST 2016 	31.148	54.08	7.16
Sat 8 Oct 10:24:55 CEST 2016 	30.033	54.63	7.03
Sat 8 Oct 10:40:29 CEST 2016 	30.27	54.11	7.13
Sat 8 Oct 10:56:04 CEST 2016 	27.845	54.05	6.00
Sat 8 Oct 11:11:41 CEST 2016 	29.556	54.47	7.15
Sat 8 Oct 11:27:16 CEST 2016 	30.148	54.09	5.74
Sat 8 Oct 11:42:54 CEST 2016 	30.445	54.07	7.06
Sat 8 Oct 11:58:29 CEST 2016 	30.484	54.41	7.09
Sat 8 Oct 12:14:03 CEST 2016 	32.168	54.15	7.09
Sat 8 Oct 12:29:39 CEST 2016 	30.847	54.05	7.13
Sat 8 Oct 12:45:14 CEST 2016 	30.186	54.28	6.97
Sat 8 Oct 13:00:49 CEST 2016 	29.132	54.31	7.06
Sat 8 Oct 13:16:24 CEST 2016 	29.12	54.13	7.21
Sat 8 Oct 13:32:00 CEST 2016 	30.168	51.68	7.08
Sat 8 Oct 13:47:36 CEST 2016 	29.346	53.94	6.90
Sat 8 Oct 14:03:11 CEST 2016 	30.426	54.48	6.98
Sat 8 Oct 14:18:46 CEST 2016 	31.582	54.02	7.07
Sat 8 Oct 14:34:21 CEST 2016 	28.005	54.42	7.03
Sat 8 Oct 14:49:55 CEST 2016 	30.635	54.69	6.30
Sat 8 Oct 15:05:31 CEST 2016 	28.413	54.59	6.97
Sat 8 Oct 15:21:06 CEST 2016 	30.481	54.33	7.04
Sat 8 Oct 15:36:40 CEST 2016 	30.651	54.48	7.14
Sat 8 Oct 15:52:15 CEST 2016 	31.927	54.17	7.14
Sat 8 Oct 16:07:50 CEST 2016 	30.151	54.54	7.01
Sat 8 Oct 16:23:24 CEST 2016 	30.471	54.70	7.15
Sat 8 Oct 16:38:59 CEST 2016 	31.036	54.17	6.96
Sat 8 Oct 16:54:34 CEST 2016 	30.011	53.66	6.99
Sat 8 Oct 17:10:09 CEST 2016 	29.697	54.15	7.05
Sat 8 Oct 17:25:44 CEST 2016 	30.256	52.59	7.06
Sat 8 Oct 17:41:20 CEST 2016 	30.811	53.55	7.07
Sat 8 Oct 17:56:55 CEST 2016 	31.782	44.60	7.06
Sat 8 Oct 18:12:27 CEST 2016 	31.981	54.56	7.10
Sat 8 Oct 18:28:02 CEST 2016 	31.047	53.87	7.05
Sat 8 Oct 18:43:37 CEST 2016 	31.466	54.20	7.01
Sat 8 Oct 18:59:12 CEST 2016 	26.648	54.01	7.08
Sat 8 Oct 19:14:48 CEST 2016 	31.125	52.16	7.03
Sat 8 Oct 19:30:25 CEST 2016 	29.063	54.23	6.99
Sat 8 Oct 19:45:59 CEST 2016 	29.617	53.89	7.01
Sat 8 Oct 20:01:34 CEST 2016 	29.819	54.12	7.01
Sat 8 Oct 20:17:08 CEST 2016 	31.374	51.81	7.02
Sat 8 Oct 20:32:44 CEST 2016 	30.194	53.17	6.95
Sat 8 Oct 20:48:19 CEST 2016 	29.04	54.39	6.85
Sat 8 Oct 21:03:58 CEST 2016 	30.311	54.00	7.04
Sat 8 Oct 21:19:33 CEST 2016 	32.385	51.66	7.15
Sat 8 Oct 21:35:10 CEST 2016 	31.069	52.94	6.93
Sat 8 Oct 21:50:46 CEST 2016 	29.083	52.59	7.12
Sat 8 Oct 22:06:22 CEST 2016 	30.758	52.95	7.17
Sat 8 Oct 22:21:58 CEST 2016 	30.21	49.66	6.84
Sat 8 Oct 22:37:35 CEST 2016 	28.868	54.45	7.13
Sat 8 Oct 22:53:10 CEST 2016 	29.375	53.34	7.07
Sat 8 Oct 23:08:47 CEST 2016 	26.333	53.35	6.99
Sat 8 Oct 23:24:22 CEST 2016 	27.047	46.71	7.05
Sat 8 Oct 23:40:01 CEST 2016 	26.883	51.81	7.02
Sat 8 Oct 23:55:36 CEST 2016 	32.409	54.11	6.93
Sun 9 Oct 00:11:11 CEST 2016 	29.94	54.29	5.70
Sun 9 Oct 00:26:48 CEST 2016 	30.348	47.42	6.95
Sun 9 Oct 00:42:25 CEST 2016 	31.454	54.10	6.99
Sun 9 Oct 00:58:00 CEST 2016 	32.333	54.39	7.05
Sun 9 Oct 01:13:36 CEST 2016 	32.159	54.56	7.07
Sun 9 Oct 01:29:11 CEST 2016 	31.55	54.01	7.11
Sun 9 Oct 01:44:46 CEST 2016 	32.018	54.43	7.09
Sun 9 Oct 02:00:22 CEST 2016 	30.973	54.53	6.97
Sun 9 Oct 02:15:56 CEST 2016 	30.855	54.11	7.13
Sun 9 Oct 02:31:32 CEST 2016 	31.11	54.04	7.08
Sun 9 Oct 02:47:08 CEST 2016 	30.83	54.31	7.05
Sun 9 Oct 03:02:42 CEST 2016 	31.357	54.49	7.21
Sun 9 Oct 03:18:18 CEST 2016 	29.93	54.34	7.12
Sun 9 Oct 03:33:53 CEST 2016 	30.922	54.43	7.12
Sun 9 Oct 03:49:28 CEST 2016 	31.271	54.48	5.57
Sun 9 Oct 04:05:04 CEST 2016 	29.068	54.06	7.06
Sun 9 Oct 04:20:39 CEST 2016 	32.988	54.15	4.94
Sun 9 Oct 04:36:14 CEST 2016 	30.901	54.49	7.13
Sun 9 Oct 04:51:49 CEST 2016 	29.367	54.26	7.00
Sun 9 Oct 05:07:24 CEST 2016 	29.588	54.26	7.05
Sun 9 Oct 05:22:58 CEST 2016 	28.671	54.58	7.11
Sun 9 Oct 05:38:33 CEST 2016 	30.444	54.45	7.01
Sun 9 Oct 05:54:07 CEST 2016 	30.323	54.49	6.97
Sun 9 Oct 06:09:43 CEST 2016 	30.623	54.52	5.70
Sun 9 Oct 06:25:19 CEST 2016 	28.949	54.49	7.05
Sun 9 Oct 06:40:54 CEST 2016 	30.212	54.37	7.22
Sun 9 Oct 06:56:31 CEST 2016 	31.497	54.79	7.11
Sun 9 Oct 07:12:06 CEST 2016 	30.575	54.72	7.04
Sun 9 Oct 07:27:42 CEST 2016 	31.174	54.67	7.16
Sun 9 Oct 07:43:17 CEST 2016 	31.154	54.17	7.06
Sun 9 Oct 07:58:52 CEST 2016 	28.869	54.25	7.05
Sun 9 Oct 08:14:27 CEST 2016 	31.475	54.46	7.17
Sun 9 Oct 08:30:02 CEST 2016 	35.663	54.23	7.08
Sun 9 Oct 08:45:41 CEST 2016 	29.316	54.33	7.17
Sun 9 Oct 09:01:17 CEST 2016 	30.085	54.40	7.02
Sun 9 Oct 09:16:52 CEST 2016 	30.05	53.79	7.14
Sun 9 Oct 09:32:27 CEST 2016 	30.643	54.41	7.07
Sun 9 Oct 09:48:02 CEST 2016 	32.844	51.45	7.16
Sun 9 Oct 10:03:38 CEST 2016 	28.858	54.49	7.00
Sun 9 Oct 10:19:13 CEST 2016 	30.022	54.28	7.14
Sun 9 Oct 10:34:48 CEST 2016 	27.473	54.26	6.98
Sun 9 Oct 10:50:23 CEST 2016 	31.79	54.32	7.02
Sun 9 Oct 11:05:58 CEST 2016 	32.731	53.98	7.08
Sun 9 Oct 11:21:33 CEST 2016 	30.622	54.23	6.95
Sun 9 Oct 11:37:07 CEST 2016 	35.662	54.46	5.77
Sun 9 Oct 11:52:47 CEST 2016 	28.617	53.28	7.13
Sun 9 Oct 12:08:23 CEST 2016 	27.436	54.51	7.12
Sun 9 Oct 12:23:57 CEST 2016 	28.798	53.24	7.10
Sun 9 Oct 12:39:34 CEST 2016 	29.589	53.85	7.13
Sun 9 Oct 12:55:10 CEST 2016 	29.477	53.28	7.19
Sun 9 Oct 13:10:46 CEST 2016 	30.862	54.16	6.34
Sun 9 Oct 13:26:20 CEST 2016 	30.744	54.61	7.18
Sun 9 Oct 13:41:55 CEST 2016 	29.678	52.90	7.08
Sun 9 Oct 13:57:31 CEST 2016 	31.228	54.00	7.03
Sun 9 Oct 14:13:05 CEST 2016 	30.407	52.41	5.13
Sun 9 Oct 14:28:42 CEST 2016 	30.032	53.71	7.11
Sun 9 Oct 14:44:18 CEST 2016 	29.105	53.83	7.07
Sun 9 Oct 14:59:53 CEST 2016 	31.666	54.45	7.21
Sun 9 Oct 15:15:29 CEST 2016 	33.282	53.06	7.05
Sun 9 Oct 15:31:04 CEST 2016 	31.372	54.42	7.13
Sun 9 Oct 15:46:39 CEST 2016 	31.644	54.07	7.07
Sun 9 Oct 16:02:13 CEST 2016 	30.567	53.82	6.99
Sun 9 Oct 16:17:50 CEST 2016 	32.738	54.17	7.02
Sun 9 Oct 16:33:26 CEST 2016 	29.522	53.58	7.00
Sun 9 Oct 16:49:00 CEST 2016 	32.147	53.34	7.07
Sun 9 Oct 17:04:36 CEST 2016 	33.917	53.86	7.03
Sun 9 Oct 17:20:11 CEST 2016 	32.587	53.35	7.07
Sun 9 Oct 17:35:48 CEST 2016 	29.252	54.22	5.55
Sun 9 Oct 17:51:25 CEST 2016 	27.693	54.24	7.04
Sun 9 Oct 18:07:01 CEST 2016 	30.623	54.43	7.04
Sun 9 Oct 18:22:36 CEST 2016 	28.983	53.51	6.95
Sun 9 Oct 18:38:08 CEST 2016 	31.246	54.29	6.15
Sun 9 Oct 18:53:43 CEST 2016 	33.052	53.75	6.94
Sun 9 Oct 19:09:19 CEST 2016 	28.066	52.54	5.59
Sun 9 Oct 19:24:54 CEST 2016 	29.56	53.27	6.99
Sun 9 Oct 19:40:29 CEST 2016 	29.137	52.97	6.73
Sun 9 Oct 19:56:05 CEST 2016 	30.762	54.05	7.14
Sun 9 Oct 20:11:41 CEST 2016 	29.585	53.40	7.03
Sun 9 Oct 20:27:17 CEST 2016 	30.489	52.82	6.91
Sun 9 Oct 20:42:52 CEST 2016 	27.19	52.30	6.93
Sun 9 Oct 20:58:27 CEST 2016 	30.17	53.21	7.15
Sun 9 Oct 21:14:03 CEST 2016 	31.781	54.42	7.04
Sun 9 Oct 21:29:38 CEST 2016 	29.656	52.10	6.79
Sun 9 Oct 21:45:14 CEST 2016 	28.328	52.14	6.92
Sun 9 Oct 22:00:50 CEST 2016 	28.206	52.60	6.98
Sun 9 Oct 22:16:26 CEST 2016 	29.841	54.52	7.09
Sun 9 Oct 22:32:01 CEST 2016 	28.048	51.28	6.99
Sun 9 Oct 22:47:36 CEST 2016 	29.828	52.45	7.01
Sun 9 Oct 23:03:11 CEST 2016 	32.068	54.14	6.92
Sun 9 Oct 23:18:46 CEST 2016 	30.533	54.20	6.91
Sun 9 Oct 23:34:21 CEST 2016 	32.203	53.96	7.14
Sun 9 Oct 23:49:57 CEST 2016 	29.758	52.55	6.85
Mon 10 Oct 00:05:32 CEST 2016 	29.246	53.98	6.77
Mon 10 Oct 00:21:07 CEST 2016 	32.059	53.52	7.16
Mon 10 Oct 00:36:43 CEST 2016 	31.132	54.29	7.13
Mon 10 Oct 00:52:18 CEST 2016 	31.912	54.30	7.12
Mon 10 Oct 01:07:53 CEST 2016 	31.737	54.50	7.09
Mon 10 Oct 01:23:28 CEST 2016 	31.743	54.11	7.15
Mon 10 Oct 01:39:04 CEST 2016 	30.271	54.21	7.06
Mon 10 Oct 01:54:39 CEST 2016 	28.207	54.43	7.07
Mon 10 Oct 02:10:13 CEST 2016 	33.324	54.24	7.01
Mon 10 Oct 02:25:48 CEST 2016 	30.04	53.95	7.03
Mon 10 Oct 02:41:22 CEST 2016 	30.68	54.23	7.13
Mon 10 Oct 02:56:57 CEST 2016 	29.684	54.43	7.01
Mon 10 Oct 03:12:35 CEST 2016 	30.294	54.22	7.07
Mon 10 Oct 03:28:09 CEST 2016 	32.888	54.39	7.09
Mon 10 Oct 03:43:45 CEST 2016 	31.658	54.64	7.05
Mon 10 Oct 03:59:19 CEST 2016 	30.592	54.10	6.24
Mon 10 Oct 04:14:56 CEST 2016 	29.672	54.74	5.61
Mon 10 Oct 04:30:33 CEST 2016 	33.859	54.51	7.13
Mon 10 Oct 04:46:08 CEST 2016 	31.901	54.36	7.18
Mon 10 Oct 05:01:43 CEST 2016 	29.464	54.89	7.13
Mon 10 Oct 05:17:18 CEST 2016 	32.298	54.19	7.13
Mon 10 Oct 05:32:54 CEST 2016 	31.581	54.41	7.08
Mon 10 Oct 05:48:28 CEST 2016 	30.095	54.49	7.17
Mon 10 Oct 06:04:04 CEST 2016 	29.299	54.36	5.61
Mon 10 Oct 06:19:40 CEST 2016 	30.745	54.34	5.55
Mon 10 Oct 06:35:18 CEST 2016 	31.762	54.51	7.04
Mon 10 Oct 06:50:53 CEST 2016 	31.573	54.66	5.79
Mon 10 Oct 07:06:30 CEST 2016 	30.536	54.68	7.19
Mon 10 Oct 07:22:06 CEST 2016 	30.776	54.68	6.17
Mon 10 Oct 07:37:42 CEST 2016 	27.168	54.31	6.17
Mon 10 Oct 07:53:18 CEST 2016 	31.447	54.13	7.18
Mon 10 Oct 08:08:54 CEST 2016 	31.423	54.43	7.18
Mon 10 Oct 08:24:29 CEST 2016 	30.884	54.09	7.13
Mon 10 Oct 08:40:04 CEST 2016 	32.663	54.24	7.12
Mon 10 Oct 08:55:40 CEST 2016 	31.793	54.03	7.13
Mon 10 Oct 09:11:15 CEST 2016 	31.009	54.26	7.13
Mon 10 Oct 09:26:50 CEST 2016 	30.52	54.13	7.05
Mon 10 Oct 09:42:25 CEST 2016 	30.841	54.36	7.13
Mon 10 Oct 09:57:59 CEST 2016 	31.044	53.81	7.08
Mon 10 Oct 10:13:34 CEST 2016 	32.492	46.87	7.08
Mon 10 Oct 10:29:11 CEST 2016 	30.883	54.37	7.16
Mon 10 Oct 10:44:46 CEST 2016 	32.087	54.47	7.18
Mon 10 Oct 11:00:22 CEST 2016 	32.805	54.46	7.03
Mon 10 Oct 11:15:56 CEST 2016 	31.474	54.26	7.14
Mon 10 Oct 11:31:32 CEST 2016 	30.759	54.51	6.90
Mon 10 Oct 11:47:07 CEST 2016 	28.434	54.29	6.12
Mon 10 Oct 12:02:43 CEST 2016 	30.341	54.01	7.03
Mon 10 Oct 12:18:18 CEST 2016 	30.409	54.09	6.91
Mon 10 Oct 12:33:53 CEST 2016 	31.011	54.02	6.98
Mon 10 Oct 12:49:29 CEST 2016 	31.411	54.15	7.18
Mon 10 Oct 13:05:05 CEST 2016 	31.197	54.39	7.06
Mon 10 Oct 13:20:39 CEST 2016 	32.391	54.19	7.10
Mon 10 Oct 13:36:15 CEST 2016 	31.064	54.35	6.05
Mon 10 Oct 13:51:52 CEST 2016 	32.142	54.66	7.14
Mon 10 Oct 14:07:27 CEST 2016 	30.004	54.10	7.04
Mon 10 Oct 14:23:07 CEST 2016 	29.762	54.33	7.08
Mon 10 Oct 14:38:42 CEST 2016 	32.004	54.17	6.99
Mon 10 Oct 14:54:17 CEST 2016 	33.114	54.37	6.91
Mon 10 Oct 15:09:52 CEST 2016 	30.846	54.26	6.67
Mon 10 Oct 15:25:27 CEST 2016 	30.226	52.68	7.09
Mon 10 Oct 15:41:03 CEST 2016 	29.403	52.31	7.05
Mon 10 Oct 15:56:38 CEST 2016 	28.844	52.97	6.82
Mon 10 Oct 16:12:13 CEST 2016 	32.693	54.09	7.08
Mon 10 Oct 16:27:49 CEST 2016 	31.18	54.45	7.14
Mon 10 Oct 16:43:25 CEST 2016 	31.92	54.49	6.89
Mon 10 Oct 16:59:00 CEST 2016 	32.902	53.89	7.09
Mon 10 Oct 17:14:36 CEST 2016 	31.115	53.63	7.10
Mon 10 Oct 17:30:12 CEST 2016 	31.71	53.15	7.07
Mon 10 Oct 17:45:48 CEST 2016 	29.832	54.58	7.11
Mon 10 Oct 18:01:22 CEST 2016 	31.319	53.55	7.08
Mon 10 Oct 18:16:58 CEST 2016 	30.663	54.01	7.16
Mon 10 Oct 18:32:33 CEST 2016 	30.214	54.30	5.52
Mon 10 Oct 18:48:09 CEST 2016 	30.403	53.12	7.13
Mon 10 Oct 19:03:45 CEST 2016 	32.1	54.34	7.17
Mon 10 Oct 19:19:20 CEST 2016 	29.873	54.43	7.13
Mon 10 Oct 19:34:55 CEST 2016 	29.745	53.76	7.10
Mon 10 Oct 19:50:31 CEST 2016 	34.564	51.99	7.06
Mon 10 Oct 20:06:06 CEST 2016 	27.787	53.92	7.12
Mon 10 Oct 20:21:42 CEST 2016 	30.994	49.91	7.04
Mon 10 Oct 20:37:18 CEST 2016 	32.417	49.80	7.00
Mon 10 Oct 20:52:55 CEST 2016 	28.854	54.07	7.02
Mon 10 Oct 21:08:29 CEST 2016 	31.41	52.98	7.08
Mon 10 Oct 21:24:05 CEST 2016 	30.221	54.44	7.07
Mon 10 Oct 21:39:40 CEST 2016 	29.308	53.91	7.09
Mon 10 Oct 21:55:15 CEST 2016 	29.175	49.70	7.12
Mon 10 Oct 22:10:52 CEST 2016 	30.432	52.07	7.10
Mon 10 Oct 22:26:29 CEST 2016 	32.486	53.60	7.02
Mon 10 Oct 22:42:04 CEST 2016 	26.965	53.40	7.08
Mon 10 Oct 22:57:39 CEST 2016 	29.263	54.03	7.12
Mon 10 Oct 23:13:15 CEST 2016 	31.631	53.15	7.19
Mon 10 Oct 23:28:51 CEST 2016 	29.525	54.29	7.02
Mon 10 Oct 23:44:26 CEST 2016 	28.627	54.69	7.02
Tue 11 Oct 00:00:01 CEST 2016 	34.676	45.27	7.07
Tue 11 Oct 00:15:40 CEST 2016 	31.112	53.70	7.08
Tue 11 Oct 00:31:15 CEST 2016 	31.053	53.60	7.10
Tue 11 Oct 00:46:50 CEST 2016 	28.514	53.66	6.98
Tue 11 Oct 01:02:25 CEST 2016 	28.43	54.07	7.01
Tue 11 Oct 01:17:59 CEST 2016 	31.492	54.34	7.10
Tue 11 Oct 01:33:36 CEST 2016 	29.152	53.11	7.00
Tue 11 Oct 01:49:11 CEST 2016 	29.668	54.33	7.16
Tue 11 Oct 02:04:46 CEST 2016 	30.636	54.33	7.06
Tue 11 Oct 02:20:21 CEST 2016 	31.587	54.33	5.41
Tue 11 Oct 02:35:56 CEST 2016 	30.635	54.40	7.07
Tue 11 Oct 02:51:30 CEST 2016 	30.56	54.21	6.99
Tue 11 Oct 03:07:06 CEST 2016 	31.641	54.03	7.06
Tue 11 Oct 03:22:40 CEST 2016 	30.13	54.09	7.02
Tue 11 Oct 03:38:15 CEST 2016 	30.217	54.43	7.02
Tue 11 Oct 03:53:49 CEST 2016 	31.061	54.65	7.08
Tue 11 Oct 04:09:24 CEST 2016 	29.163	54.18	7.19
Tue 11 Oct 04:25:00 CEST 2016 	30.688	54.27	6.03
Tue 11 Oct 04:40:36 CEST 2016 	30.692	53.97	7.15
Tue 11 Oct 04:56:13 CEST 2016 	31.615	54.11	5.93
Tue 11 Oct 05:11:50 CEST 2016 	30.132	54.03	7.07
Tue 11 Oct 05:27:25 CEST 2016 	31.393	54.44	7.13
Tue 11 Oct 05:43:00 CEST 2016 	27.9	54.51	6.98
Tue 11 Oct 05:58:35 CEST 2016 	31.936	54.26	7.10
Tue 11 Oct 06:14:10 CEST 2016 	31.171	54.34	7.02
Tue 11 Oct 06:29:45 CEST 2016 	30.147	54.58	6.90
Tue 11 Oct 06:45:20 CEST 2016 	34.204	54.43	7.12
Tue 11 Oct 07:00:55 CEST 2016 	31.619	54.18	7.09
Tue 11 Oct 07:16:30 CEST 2016 	29.772	54.34	7.08
Tue 11 Oct 07:32:05 CEST 2016 	29.836	54.58	7.09
Tue 11 Oct 07:47:40 CEST 2016 	32.58	54.08	7.15
Tue 11 Oct 08:03:16 CEST 2016 	32.228	54.29	7.08
Tue 11 Oct 08:18:51 CEST 2016 	32.186	54.33	7.06
Tue 11 Oct 08:34:26 CEST 2016 	32.385	54.57	6.91
Tue 11 Oct 08:50:29 CEST 2016 	30.923	54.48	7.07
Tue 11 Oct 09:06:04 CEST 2016 	32.67	54.41	7.09
Tue 11 Oct 09:21:39 CEST 2016 	30.052	54.49	7.00
Tue 11 Oct 09:37:14 CEST 2016 	31.316	54.83	7.02
Tue 11 Oct 09:52:48 CEST 2016 	29.756	53.82	7.08
Tue 11 Oct 10:08:23 CEST 2016 	32.641	54.62	7.03
Tue 11 Oct 10:23:59 CEST 2016 	119.979	22.61	4.50
Tue 11 Oct 10:39:51 CEST 2016 	30.561	54.54	6.94
Tue 11 Oct 10:55:26 CEST 2016 	35.799	42.07	6.30
Tue 11 Oct 11:11:08 CEST 2016 	29.86	54.01	6.91
Tue 11 Oct 11:26:43 CEST 2016 	29.571	54.08	7.12
Tue 11 Oct 11:42:19 CEST 2016 	31.762	54.45	7.12
Tue 11 Oct 11:57:54 CEST 2016 	30.611	54.49	7.15
Tue 11 Oct 12:13:29 CEST 2016 	30.754	54.55	7.08
Tue 11 Oct 12:29:04 CEST 2016 	29.299	53.82	6.91
Tue 11 Oct 12:44:39 CEST 2016 	32.414	54.23	7.13
Tue 11 Oct 13:00:15 CEST 2016 	30.184	54.41	7.03
Tue 11 Oct 13:15:49 CEST 2016 	28.199	54.03	5.89
Tue 11 Oct 13:31:25 CEST 2016 	33.063	54.38	7.15
Tue 11 Oct 13:47:01 CEST 2016 	29.308	53.58	6.97
Tue 11 Oct 14:02:41 CEST 2016 	28.743	54.29	7.10
Tue 11 Oct 14:18:16 CEST 2016 	30.125	54.32	5.90
Tue 11 Oct 14:33:53 CEST 2016 	30.503	53.62	7.09
Tue 11 Oct 14:49:29 CEST 2016 	31.967	54.43	5.61
Tue 11 Oct 15:05:10 CEST 2016 	31.469	54.20	7.04
Tue 11 Oct 15:20:45 CEST 2016 	29.997	54.37	6.90
Tue 11 Oct 15:36:20 CEST 2016 	30.092	53.94	7.06
Tue 11 Oct 15:51:55 CEST 2016 	31.084	54.40	7.12
Tue 11 Oct 16:07:30 CEST 2016 	29.24	54.54	7.11
Tue 11 Oct 16:23:05 CEST 2016 	30.694	54.08	7.03
Tue 11 Oct 16:38:40 CEST 2016 	30.733	54.17	7.14
Tue 11 Oct 16:54:15 CEST 2016 	32.654	53.82	6.92
Tue 11 Oct 17:09:50 CEST 2016 	30.238	52.58	7.00
Tue 11 Oct 17:25:26 CEST 2016 	31.962	54.45	7.02
Tue 11 Oct 17:41:01 CEST 2016 	29.401	54.41	7.13
Tue 11 Oct 17:56:37 CEST 2016 	33.788	54.12	7.00
Tue 11 Oct 18:12:12 CEST 2016 	29.699	53.36	5.67
Tue 11 Oct 18:27:49 CEST 2016 	30.186	49.24	6.91
Tue 11 Oct 18:43:26 CEST 2016 	31.146	54.12	7.03
Tue 11 Oct 18:59:01 CEST 2016 	31.369	52.61	6.96
Tue 11 Oct 19:14:36 CEST 2016 	30.236	54.02	6.61
Tue 11 Oct 19:30:12 CEST 2016 	31.14	53.93	7.19
Tue 11 Oct 19:45:50 CEST 2016 	30.952	50.60	7.12
Tue 11 Oct 20:01:26 CEST 2016 	30.806	53.82	6.98
Tue 11 Oct 20:17:01 CEST 2016 	29.862	53.73	7.01
Tue 11 Oct 20:32:36 CEST 2016 	28.814	51.45	7.15
Tue 11 Oct 20:48:12 CEST 2016 	32.607	54.06	5.63
Tue 11 Oct 21:03:52 CEST 2016 	29.866	52.17	6.20
Tue 11 Oct 21:19:29 CEST 2016 	31.081	53.89	7.13
Tue 11 Oct 21:35:04 CEST 2016 	32.123	50.20	6.93
Tue 11 Oct 21:50:41 CEST 2016 	31.079	52.95	7.00
Tue 11 Oct 22:06:16 CEST 2016 	33.495	54.04	6.88
Tue 11 Oct 22:21:51 CEST 2016 	28.734	53.81	7.04	
